ParameterCo,Controller,ParameterSy,System0,System1,ParameterCh,Channel0,Channel1,Channel2,Channel3,Channel4,Channel5,Channel6,Channel7,Channel8,Channel9,Channel10,Channel11,Channel12,Channel13,Channel14,Channel15,
TOTAL_TIME,10.8094,RUN_TIME,   0,   0,COUNT_TIME,10.8094,10.8094,10.8094,10.8094,10.8094,10.8094,10.8094,10.8094,10.8094,10.8094,10.8094,10.8094,10.8094,10.8094,10.8094,10.8094
 PS_CODE_VERSION,0x323,--,0,0,INPUT_COUNT_RATE,   0,   0,   0,   0,   0,   0,   0,   0,   0,   0,   0,   0,   0,   0,   0,   0
 ACTIVE,0,--,0,0,OUTPUT_COUNT_RATE,   0,   0,   0,   0,   0,   0,   0,   0,   0,   0,   0,   0,   0,   0,   0,   0
 --,0,--,0,0,PASS_PILEUP_RATE,   0,   0,   0,   0,   0,   0,   0,   0,   0,   0,   0,   0,   0,   0,   0,   0
 --,0,--,0,0,GDT,   0,   0,   0,   0,   0,   0,   0,   0,   0,   0,   0,   0,   0,   0,   0,   0
 CSROUT,0xC200,CSROUT,0x2C,0x2C,COUNTTIME,15943,15943,15943,15943,15943,15943,15943,15943,15943,15943,15943,15943,15943,15943,15943,15943
 reserved,0xBE00,sysstatus,0x0,0x0,COUNTTIME,20617,20617,20617,20617,20617,20617,20617,20617,20617,20617,20617,20617,20617,20617,20617,20617
 WR_VALID,0x0,MEM_I_CNT,0x0,0x0,COUNTTIME,0,0,0,0,0,0,0,0,0,0,0,0,0,0,0,0
 FPGA BOOTED,0x1,MEM_I_CNT,0x0,0x0,reserved,0,0,0,0,0,0,0,0,0,0,0,0,0,0,0,0
 HW_VERSION,0xA101,MEM_O_CNT,0x6,0x5,NTRIG,0,0,0,0,0,0,0,0,0,0,0,0,0,0,0,0
 reserved,0xA,MEM_O_CNT,0x0,0x0,NTRIG,0,0,0,0,0,0,0,0,0,0,0,0,0,0,0,0
 SysTime,0xC938,ADCframe,0x0,0x1F00,NTRIG,0,0,0,0,0,0,0,0,0,0,0,0,0,0,0,0
 SysTime,0xD483,reserved,0xABCD,0xABCD,reserved,0,0,0,0,0,0,0,0,0,0,0,0,0,0,0,0
 TotalTime,0xF2D8,RunTime,0x0,0x0,NOUT,0,0,0,0,0,0,0,0,0,0,0,0,0,0,0,0
 TotalTime,0x8449,RunTime,0x0,0x0,NOUT,0,0,0,0,0,0,0,0,0,0,0,0,0,0,0,0
 TotalTime,0x2,RunTime,0x0,0x0,NOUT,0,0,0,0,0,0,0,0,0,0,0,0,0,0,0,0
 TotalTime,0x0,reserved,0x0,0x0,reserved,0,0,0,0,0,0,0,0,0,0,0,0,0,0,0,0
 FW_VERSION,0x2200,FW_VERSION,0x2541,0x2541,NPPI,0,0,0,0,0,0,0,0,0,0,0,0,0,0,0,0
 WR_TM_TAI,0x0,WR_TM_TAI,0x0,0x0,NPPI,0,0,0,0,0,0,0,0,0,0,0,0,0,0,0,0
 WR_TM_TAI,0x0,WR_TM_TAI,0x0,0x0,NPPI,0,0,0,0,0,0,0,0,0,0,0,0,0,0,0,0
 WR_TM_TAI,0x0,WR_TM_TAI,0x0,0x0,reserved,0,0,0,0,0,0,0,0,0,0,0,0,0,0,0,0
 reserved,0x0,WR_TM_CYC,0x0,0x0,FTDT,0,0,0,0,0,0,0,0,0,0,0,0,0,0,0,0
 PCB_VERSION,0xA141,WR_TM_CYC,0x0,0x0,FTDT,0,0,0,0,0,0,0,0,0,0,0,0,0,0,0,0
 PCB_SNUM,10,dpmstatus,0,0,FTDT,0,0,0,0,0,0,0,0,0,0,0,0,0,0,0,0
 SNUM,10,dpmstatus,0,0,reserved,0,0,0,0,0,0,0,0,0,0,0,0,0,0,0,0
 T_BOARD,34,T_ADC,511,33,GDT,0,0,0,0,0,0,0,0,0,0,0,0,0,0,0,0
 T_ZYNQ,41,T_WR,0,0,GDT,0,0,0,0,0,0,0,0,0,0,0,0,0,0,0,0
 reserved,0x0,reserved,0x0,0x0,GDT,0,0,0,0,0,0,0,0,0,0,0,0,0,0,0,0
 reserved,0x0,reserved,0x1FFF,0x2F1A,reserved,0,0,0,0,0,0,0,0,0,0,0,0,0,0,0,0
 reserved,0x0,reserved,0x1FFF,0x2F0E,reserved,0,0,0,0,0,0,0,0,0,0,0,0,0,0,0,0
 reserved,0x0,reserved,0x0,0x0,reserved,0,0,0,0,0,0,0,0,0,0,0,0,0,0,0,0
 reserved,0x0,reserved,0x0,0x0,reserved,0,0,0,0,0,0,0,0,0,0,0,0,0,0,0,0
 reserved,0x0,reserved,0x0,0x0,reserved,0,0,0,0,0,0,0,0,0,0,0,0,0,0,0,0
 reserved,0x0,reserved,0x0,0x0,ICR,0,0,0,0,0,0,0,0,0,0,0,0,0,0,0,0
 reserved,0x0,reserved,0x0,0x0,OOR,0,0,0,0,0,0,0,0,0,0,0,0,0,0,0,0
 