CHANNEL,TIME,INPUT_COUNT_RATE,OUTPUT_COUNT_RATE,
Ctrl. TOTAL_TIME,10.8094, --, --
Sys.0 RUN_TIME,   0, --, --
Sys.1 RUN_TIME,   0, --, --
Ch 0 COUNT_TIME,10.8094,   0,   0
Ch 1 COUNT_TIME,10.8094,   0,   0
Ch 2 COUNT_TIME,10.8094,   0,   0
Ch 3 COUNT_TIME,10.8094,   0,   0
Ch 4 COUNT_TIME,10.8094,   0,   0
Ch 5 COUNT_TIME,10.8094,   0,   0
Ch 6 COUNT_TIME,10.8094,   0,   0
Ch 7 COUNT_TIME,10.8094,   0,   0
Ch 8 COUNT_TIME,10.8094,   0,   0
Ch 9 COUNT_TIME,10.8094,   0,   0
Ch 10 COUNT_TIME,10.8094,   0,   0
Ch 11 COUNT_TIME,10.8094,   0,   0
Ch 12 COUNT_TIME,10.8094,   0,   0
Ch 13 COUNT_TIME,10.8094,   0,   0
Ch 14 COUNT_TIME,10.8094,   0,   0
Ch 15 COUNT_TIME,10.8094,   0,   0
